region,year,population_total,urban_population,rural_population,median_age_years,births_per_1000,life_expectancy_years,is_synthetic
Auroria,2018,4200000,2688000,1512000,35.2,12.4,79.1,true
Auroria,2019,4242000,2731848,1510152,35.4,12.3,79.2,true
Auroria,2020,4284420,2776304,1508116,35.6,12.2,79.3,true
Auroria,2021,4327264,2821376,1505888,35.7,12,79.4,true
Auroria,2022,4370537,2867072,1503465,35.9,11.9,79.5,true
Auroria,2023,4414242,2913400,1500842,36.1,11.8,79.6,true
Auroria,2024,4458385,2960368,1498017,36.3,11.7,79.8,true
Auroria,2025,4502968,3007983,1494985,36.5,11.6,79.9,true
Borealia,2018,7850000,5652000,2198000,41,9.8,81.3,true
Borealia,2019,7881400,5706134,2175266,41.2,9.7,81.4,true
Borealia,2020,7912926,5760610,2152316,41.4,9.6,81.5,true
Borealia,2021,7944577,5815430,2129147,41.5,9.4,81.6,true
Borealia,2022,7976356,5870598,2105758,41.7,9.3,81.7,true
Borealia,2023,8008261,5926113,2082148,41.9,9.2,81.9,true
Borealia,2024,8040294,5981979,2058315,42.1,9.1,82,true
Borealia,2025,8072455,6038196,2034259,42.3,9,82.1,true
Cyrenia,2018,2650000,1457500,1192500,30.4,16.1,75.8,true
Cyrenia,2019,2697700,1494526,1203174,30.6,16,75.9,true
Cyrenia,2020,2746259,1532413,1213846,30.8,15.9,76,true
Cyrenia,2021,2795691,1571178,1224513,30.9,15.7,76.1,true
Cyrenia,2022,2846014,1610844,1235170,31.1,15.6,76.2,true
Cyrenia,2023,2897242,1651428,1245814,31.3,15.5,76.4,true
Cyrenia,2024,2949392,1692951,1256441,31.5,15.4,76.5,true
Cyrenia,2025,3002481,1735434,1267047,31.7,15.3,76.6,true
Demeria,2018,11300000,7684000,3616000,38.6,11.2,78.4,true
Demeria,2019,11379100,7783304,3595796,38.8,11.1,78.5,true
Demeria,2020,11458754,7883623,3575131,39,11,78.6,true
Demeria,2021,11538965,7984964,3554001,39.1,10.8,78.7,true
Demeria,2022,11619738,8087338,3532400,39.3,10.7,78.8,true
Demeria,2023,11701076,8190753,3510323,39.5,10.6,79,true
Demeria,2024,11782983,8295220,3487763,39.7,10.5,79.1,true
Demeria,2025,11865464,8400749,3464715,39.9,10.4,79.2,true
