month,subscription_revenue_eur,transaction_revenue_eur,services_revenue_eur,total_revenue_eur,active_customers,churn_rate,is_synthetic
2024-01,80000,42000,19300,141300,1200,0.032,true
2024-02,83350,45550,18900,147800,1255,0.0319,true
2024-03,86700,49100,20450,156250,1310,0.0318,true
2024-04,90050,48150,22000,160200,1335,0.0317,true
2024-05,90400,51700,21600,163700,1390,0.0304,true
2024-06,93750,50750,23150,167650,1445,0.0303,true
2024-07,97100,54300,24700,176100,1470,0.0302,true
2024-08,100450,57850,24300,182600,1525,0.0301,true
2024-09,100800,56900,25850,183550,1580,0.0288,true
2024-10,104150,60450,27400,192000,1605,0.0287,true
2024-11,107500,59500,27000,194000,1660,0.0286,true
2024-12,110850,63050,28550,202450,1715,0.0285,true
2025-01,111200,66600,30100,207900,1740,0.0272,true
2025-02,114550,65650,29700,209900,1795,0.0271,true
2025-03,117900,69200,31250,218350,1850,0.027,true
2025-04,121250,68250,32800,222300,1875,0.0269,true
2025-05,121600,71800,32400,225800,1930,0.0256,true
2025-06,124950,75350,33950,234250,1985,0.0255,true
2025-07,128300,74400,35500,238200,2010,0.0254,true
2025-08,131650,77950,35100,244700,2065,0.0257,true
2025-09,132000,77000,36650,245650,2120,0.0248,true
2025-10,135350,80550,38200,254100,2145,0.0251,true
2025-11,138700,84100,37800,260600,2200,0.0254,true
2025-12,142050,83150,39350,264550,2255,0.0257,true
