date,ticker,open_usd,high_usd,low_usd,close_usd,volume,sma_50,sma_200,is_synthetic
2025-01-02,V,251.15,252.6,250.25,251.5,4500000,,,true
2025-01-03,V,251.95,253.34,250.95,252.12,4597531,,,true
2025-01-06,V,252.73,254.07,251.63,252.73,4695062,,,true
2025-01-07,V,253.49,254.95,252.13,253.33,4792593,,,true
2025-01-08,V,254.2,255.78,253,253.9,4890124,,,true
2025-01-09,V,254.86,255.96,253.45,254.45,4987655,,,true
2025-01-10,V,255.45,256.67,253.86,254.96,5085186,,,true
2025-01-13,V,255.98,257.32,254.24,255.44,5182717,,,true
2025-01-14,V,256.43,257.89,254.98,255.88,5280248,,,true
2025-01-15,V,256.81,258.39,255.28,256.28,5377779,,,true
2025-01-16,V,257.1,258.2,255.53,256.63,5475310,,,true
2025-01-17,V,257.32,258.54,255.74,256.94,5572841,,,true
2025-01-20,V,257.45,258.79,256.29,257.19,5670372,,,true
2025-01-21,V,257.5,258.96,256.39,257.39,5767903,,,true
2025-01-22,V,257.49,259.12,256.39,257.54,5865434,,,true
2025-01-23,V,257.41,258.73,256.21,257.63,5962965,,,true
2025-01-24,V,257.28,258.9,256.38,257.68,6060496,,,true
2025-01-27,V,257.09,259.01,256.09,257.67,6158027,,,true
2025-01-28,V,256.86,259.07,255.76,257.61,6255558,,,true
2025-01-29,V,256.61,259.09,255.41,257.51,6353089,,,true
2025-01-30,V,256.33,258.46,255.43,257.36,6450620,,,true
2025-01-31,V,256.04,258.39,255.04,257.17,6548151,,,true
2025-02-03,V,255.73,258.28,254.63,256.94,6645682,,,true
2025-02-04,V,255.44,258.14,254.24,256.68,6743213,,,true
2025-02-05,V,255.14,257.97,254.24,256.39,6840744,,,true
2025-02-06,V,254.86,257.17,253.86,256.07,6938275,,,true
2025-02-07,V,254.59,256.96,253.49,255.74,7035806,,,true
2025-02-10,V,254.35,256.74,253.15,255.4,7133337,,,true
2025-02-11,V,254.13,256.51,253.23,255.05,7230868,,,true
2025-02-12,V,253.93,256.28,252.93,254.7,7328399,,,true
2025-02-13,V,253.75,255.45,252.65,254.35,7425930,,,true
2025-02-14,V,253.59,255.23,252.39,254.01,7523461,,,true
2025-02-17,V,253.44,255.03,252.54,253.69,7620992,,,true
2025-02-18,V,253.32,254.85,252.32,253.39,4518523,,,true
2025-02-19,V,253.21,254.79,252.02,253.12,4616054,,,true
2025-02-20,V,253.12,254.22,251.68,252.88,4713585,,,true
2025-02-21,V,253.03,254.25,251.77,252.67,4811116,,,true
2025-02-24,V,252.97,254.31,251.51,252.51,4908647,,,true
2025-02-25,V,252.91,254.37,251.29,252.39,5006178,,,true
2025-02-26,V,252.86,254.44,251.11,252.31,5103709,,,true
2025-02-27,V,252.83,253.93,251.39,252.29,5201240,,,true
2025-02-28,V,252.81,254.03,251.31,252.31,5298771,,,true
2025-03-03,V,252.81,254.15,251.29,252.39,5396302,,,true
2025-03-04,V,252.83,254.29,251.32,252.52,5493833,,,true
2025-03-05,V,252.89,254.47,251.81,252.71,5591364,,,true
2025-03-06,V,252.96,254.06,251.94,252.94,5688895,,,true
2025-03-07,V,253.08,254.45,251.98,253.23,5786426,,,true
2025-03-10,V,253.24,254.91,252.04,253.57,5883957,,,true
2025-03-11,V,253.45,255.42,252.55,253.96,5981488,,,true
2025-03-12,V,253.71,255.97,252.71,254.39,6079019,254.7502,,true
2025-03-13,V,254.03,255.97,252.93,254.87,6176550,254.8176,,true
2025-03-14,V,254.4,256.6,253.2,255.38,6274081,254.8828,,true
2025-03-17,V,254.83,257.27,253.93,255.93,6371612,254.9468,,true
2025-03-18,V,255.32,257.96,254.32,256.5,6469143,255.0102,,true
2025-03-19,V,255.87,258.68,254.77,257.1,6566674,255.0742,,true
2025-03-20,V,256.47,258.82,255.27,257.72,6664205,255.1396,,true
2025-03-21,V,257.12,259.57,256.22,258.35,6761736,255.2074,,true
2025-03-24,V,257.81,260.33,256.81,258.99,6859267,255.2784,,true
2025-03-25,V,258.55,261.1,257.45,259.64,6956798,255.3536,,true
2025-03-26,V,259.31,261.86,258.11,260.28,7054329,255.4336,,true
2025-03-27,V,260.08,262.01,259.18,260.91,7151860,255.5192,,true
2025-03-28,V,260.86,262.75,259.86,261.53,7249391,255.611,,true
2025-03-31,V,261.62,263.46,260.52,262.12,7346922,255.7096,,true
2025-04-01,V,262.38,264.16,261.18,262.7,7444453,255.8158,,true
2025-04-02,V,263.11,264.83,262.21,263.25,7541984,255.93,,true
2025-04-03,V,263.79,264.89,262.76,263.76,7639515,256.0526,,true
2025-04-04,V,264.42,265.64,263.14,264.24,4537046,256.1838,,true
2025-04-07,V,265,266.34,263.48,264.68,4634577,256.324,,true
2025-04-08,V,265.5,266.96,264.18,265.08,4732108,256.4734,,true
2025-04-09,V,265.94,267.52,264.44,265.44,4829639,256.632,,true
2025-04-10,V,266.29,267.39,264.65,265.75,4927170,256.7998,,true
2025-04-11,V,266.56,267.78,264.81,266.01,5024701,256.9766,,true
2025-04-14,V,266.75,268.09,265.33,266.23,5122232,257.1624,,true
2025-04-15,V,266.86,268.32,265.4,266.4,5219763,257.3568,,true
2025-04-16,V,266.88,268.46,265.42,266.52,5317294,257.5594,,true
2025-04-17,V,266.85,267.95,265.41,266.61,5414825,257.7702,,true
2025-04-18,V,266.73,267.95,265.74,266.64,5512356,257.9882,,true
2025-04-21,V,266.56,267.98,265.56,266.64,5609887,258.213,,true
2025-04-22,V,266.35,268.06,265.25,266.6,5707418,258.444,,true
2025-04-23,V,266.1,268.11,264.9,266.53,5804949,258.6806,,true
2025-04-24,V,265.82,267.53,264.92,266.43,5902480,258.9222,,true
2025-04-25,V,265.53,267.53,264.53,266.31,6000011,259.1682,,true
2025-04-28,V,265.24,267.5,264.14,266.16,6097542,259.4176,,true
2025-04-29,V,264.95,267.46,263.75,266,6195073,259.6698,,true
2025-04-30,V,264.68,267.41,263.78,265.83,6292604,259.924,,true
2025-05-01,V,264.43,266.75,263.43,265.65,6390135,260.1794,,true
2025-05-02,V,264.22,266.69,263.12,265.47,6487666,260.4354,,true
2025-05-05,V,264.05,266.63,262.85,265.29,6585197,260.691,,true
2025-05-06,V,263.93,266.59,263.03,265.13,6682728,260.9458,,true
2025-05-07,V,263.85,266.56,262.85,264.98,6780259,261.1992,,true
2025-05-08,V,263.82,265.95,262.72,264.85,6877790,261.4504,,true
2025-05-09,V,263.85,265.96,262.65,264.74,6975321,261.699,,true
2025-05-12,V,263.92,266,263.02,264.66,7072852,261.9444,,true
2025-05-13,V,264.05,266.08,263.05,264.62,7170383,262.1864,,true
2025-05-14,V,264.22,266.19,263.12,264.61,7267914,262.4244,,true
2025-05-15,V,264.41,265.73,263.21,264.63,7365445,262.6582,,true
2025-05-16,V,264.66,265.92,263.76,264.7,7462976,262.8876,,true
2025-05-19,V,264.93,266.27,263.81,264.81,7560507,263.1124,,true
2025-05-20,V,265.23,266.69,263.87,264.97,7658038,263.3326,,true
2025-05-21,V,265.54,267.12,263.96,265.16,4555569,263.548,,true
2025-05-22,V,265.88,266.98,264.51,265.41,4653100,263.7588,,true
2025-05-23,V,266.23,267.45,264.7,265.7,4750631,263.9652,,true
2025-05-26,V,266.58,267.92,264.93,266.03,4848162,264.1672,,true
2025-05-27,V,266.94,268.4,265.2,266.4,4945693,264.3652,,true
2025-05-28,V,267.3,268.88,265.91,266.81,5043224,264.5594,,true
2025-05-29,V,267.66,268.76,266.26,267.26,5140755,264.7502,,true
2025-05-30,V,268.03,269.25,266.64,267.74,5238286,264.938,,true
2025-06-02,V,268.4,269.74,267.05,268.25,5335817,265.1232,,true
2025-06-03,V,268.78,270.25,267.88,268.79,5433348,265.3062,,true
2025-06-04,V,269.17,270.93,268.17,269.35,5530879,265.4876,,true
2025-06-05,V,269.56,271.02,268.46,269.92,5628410,265.6678,,true
2025-06-06,V,269.97,271.73,268.77,270.51,5725941,265.8474,,true
2025-06-09,V,270.39,272.44,269.49,271.1,5823472,266.027,,true
2025-06-10,V,270.84,273.16,269.84,271.7,5921003,266.207,,true
2025-06-11,V,271.29,273.87,270.19,272.29,6018534,266.3878,,true
2025-06-12,V,271.76,273.97,270.56,272.87,6116065,266.57,,true
2025-06-13,V,272.24,274.65,271.34,273.43,6213596,266.7538,,true
2025-06-16,V,272.74,275.32,271.74,273.98,6311127,266.9398,,true
2025-06-17,V,273.25,275.96,272.15,274.5,6408658,267.1282,,true
2025-06-18,V,273.77,276.57,272.57,274.99,6506189,267.3192,,true
2025-06-19,V,274.28,276.55,273.38,275.45,6603720,267.5132,,true
2025-06-20,V,274.8,277.09,273.8,275.87,6701251,267.7104,,true
2025-06-23,V,275.29,277.58,274.19,276.24,6798782,267.9106,,true
2025-06-24,V,275.77,278.04,274.57,276.58,6896313,268.1142,,true
2025-06-25,V,276.22,278.44,275.32,276.86,6993844,268.321,,true
2025-06-26,V,276.63,278.2,275.63,277.1,7091375,268.5308,,true
2025-06-27,V,276.99,278.5,275.89,277.28,7188906,268.7436,,true
2025-06-30,V,277.31,278.76,276.11,277.42,7286437,268.9592,,true
2025-07-01,V,277.56,279.02,276.6,277.5,7383968,269.1772,,true
2025-07-02,V,277.75,279.33,276.54,277.54,7481499,269.3974,,true
2025-07-03,V,277.86,278.96,276.42,277.52,7579030,269.6192,,true
2025-07-04,V,277.9,279.12,276.26,277.46,7676561,269.8422,,true
2025-07-07,V,277.86,279.2,276.45,277.35,4574092,270.066,,true
2025-07-08,V,277.74,279.2,276.19,277.19,4671623,270.2898,,true
2025-07-09,V,277.55,279.13,275.9,277,4769154,270.5132,,true
2025-07-10,V,277.28,278.38,275.57,276.77,4866685,270.7356,,true
2025-07-11,V,276.95,278.17,275.61,276.51,4964216,270.9564,,true
2025-07-14,V,276.56,277.9,275.22,276.22,5061747,271.175,,true
2025-07-15,V,276.12,277.58,274.81,275.91,5159278,271.3906,,true
2025-07-16,V,275.65,277.23,274.39,275.59,5256809,271.6028,,true
2025-07-17,V,275.14,276.35,274.24,275.25,5354340,271.8108,,true
2025-07-18,V,274.63,276.13,273.63,274.91,5451871,272.0142,,true
2025-07-21,V,274.1,275.9,273,274.56,5549402,272.2122,,true
2025-07-22,V,273.59,275.69,272.39,274.23,5646933,272.4044,,true
2025-07-23,V,273.1,275.48,272.2,273.9,5744464,272.5902,,true
2025-07-24,V,272.64,274.69,271.64,273.59,5841995,272.7694,,true
2025-07-25,V,272.24,274.53,271.14,273.31,5939526,272.9416,,true
2025-07-28,V,271.89,274.39,270.69,273.05,6037057,273.1064,,true
2025-07-29,V,271.6,274.28,270.7,272.82,6134588,273.2634,,true
2025-07-30,V,271.39,274.22,270.39,272.64,6232119,273.413,,true
2025-07-31,V,271.25,273.59,270.15,272.49,6329650,273.5546,,true
2025-08-01,V,271.2,273.61,270,272.39,6427181,273.6884,,true
2025-08-04,V,271.22,273.67,270.32,272.33,6524712,273.8144,,true
2025-08-05,V,271.32,273.79,270.32,272.33,6622243,273.933,,true
2025-08-06,V,271.51,273.96,270.41,272.38,6719774,274.0444,,true
2025-08-07,V,271.77,273.58,270.57,272.48,6817305,274.1488,,true
2025-08-08,V,272.09,273.85,271.19,272.63,6914836,274.2466,,true
2025-08-11,V,272.48,274.18,271.48,272.84,7012367,274.3384,,true
2025-08-12,V,272.92,274.57,271.82,273.11,7109898,274.4248,,true
2025-08-13,V,273.41,275,272.21,273.42,7207429,274.5062,,true
2025-08-14,V,273.94,275.04,272.89,273.79,7304960,274.5836,,true
2025-08-15,V,274.49,275.71,273.2,274.2,7402491,274.6574,,true
2025-08-18,V,275.06,276.4,273.56,274.66,7500022,274.7286,,true
2025-08-19,V,275.65,277.11,273.97,275.17,7597553,274.798,,true
2025-08-20,V,276.24,277.82,274.81,275.71,7695084,274.8664,,true
2025-08-21,V,276.83,277.93,275.28,276.28,4592615,274.9346,,true
2025-08-22,V,277.42,278.64,275.79,276.89,4690146,275.0038,,true
2025-08-25,V,277.99,279.33,276.32,277.52,4787677,275.0746,,true
2025-08-26,V,278.56,280.02,277.27,278.17,4885208,275.148,,true
2025-08-27,V,279.1,280.68,277.83,278.83,4982739,275.2248,,true
2025-08-28,V,279.63,280.73,278.4,279.5,5080270,275.3058,,true
2025-08-29,V,280.13,281.39,278.93,280.17,5177801,275.3918,,true
2025-09-01,V,280.63,282.18,279.73,280.84,5275332,275.4838,,true
2025-09-02,V,281.11,282.96,280.11,281.5,5372863,275.5822,,true
2025-09-03,V,281.58,283.73,280.48,282.15,5470394,275.688,,true
2025-09-04,V,282.03,283.87,280.83,282.77,5567925,275.8014,,true
2025-09-05,V,282.49,284.6,281.59,283.38,5665456,275.9234,,true
2025-09-08,V,282.93,285.29,281.93,283.95,5762987,276.054,,true
2025-09-09,V,283.36,285.95,282.26,284.49,5860518,276.1938,,true
2025-09-10,V,283.79,286.57,282.59,284.99,5958049,276.3428,,true
2025-09-11,V,284.22,286.56,283.32,285.46,6055580,276.5016,,true
2025-09-12,V,284.63,287.1,283.63,285.88,6153111,276.67,,true
2025-09-15,V,285.03,287.59,283.93,286.25,6250642,276.848,,true
2025-09-16,V,285.43,288.04,284.23,286.58,6348173,277.0358,,true
2025-09-17,V,285.81,288.44,284.91,286.86,6445704,277.233,,true
2025-09-18,V,286.16,288.19,285.16,287.09,6543235,277.4394,,true
2025-09-19,V,286.5,288.5,285.4,287.28,6640766,277.6548,,true
2025-09-22,V,286.79,288.75,285.59,287.41,6738297,277.8786,,true
2025-09-23,V,287.06,288.96,286.16,287.5,6835828,278.1104,,true
2025-09-24,V,287.29,289.13,286.29,287.55,6933359,278.3496,,true
2025-09-25,V,287.47,288.65,286.37,287.55,7030890,278.5956,,true
2025-09-26,V,287.6,288.82,286.32,287.52,7128421,278.8478,,true
2025-09-29,V,287.68,289.02,286.55,287.45,7225952,279.1056,,true
2025-09-30,V,287.7,289.16,286.34,287.34,7323483,279.3678,,true
2025-10-01,V,287.66,289.24,286.11,287.21,7421014,279.634,,true
2025-10-02,V,287.58,288.68,285.86,287.06,7518545,279.9034,,true
2025-10-03,V,287.44,288.66,285.99,286.89,7616076,280.175,,true
2025-10-06,V,287.25,288.59,285.71,286.71,4513607,280.4482,,true
2025-10-07,V,287.01,288.47,285.41,286.51,4611138,280.722,,true
2025-10-08,V,286.75,288.33,285.12,286.32,4708669,280.9956,268.1767,true
2025-10-09,V,286.45,287.55,285.23,286.13,4806200,281.2684,268.3499,true
2025-10-10,V,286.13,287.35,284.94,285.94,4903731,281.5394,268.519,true
2025-10-13,V,285.8,287.14,284.67,285.77,5001262,281.8082,268.6842,true
2025-10-14,V,285.48,287.08,284.28,285.62,5098793,282.074,268.8456,true
2025-10-15,V,285.17,287.06,284.27,285.48,5196324,282.336,269.0035,true
2025-10-16,V,284.89,286.48,283.89,285.38,5293855,282.594,269.1582,true
2025-10-17,V,284.63,286.52,283.53,285.3,5391386,282.8474,269.3099,true
2025-10-20,V,284.43,286.6,283.23,285.26,5488917,283.0958,269.459,true
2025-10-21,V,284.29,286.72,283.39,285.26,5586448,283.3388,269.6059,true
2025-10-22,V,284.2,286.87,283.2,285.29,5683979,283.5762,269.7509,true
2025-10-23,V,284.2,286.47,283.1,285.37,5781510,283.8078,269.8946,true
2025-10-24,V,284.26,286.71,283.06,285.49,5879041,284.0336,270.0374,true
2025-10-27,V,284.4,286.99,283.5,285.65,5976572,284.2534,270.1797,true
2025-10-28,V,284.63,287.32,283.63,285.86,6074103,284.4672,270.322,true
2025-10-29,V,284.93,287.69,283.83,286.11,6171634,284.6752,270.4649,true
2025-10-30,V,285.31,287.51,284.11,286.41,6269165,284.8778,270.6088,true
2025-10-31,V,285.76,287.96,284.86,286.74,6366696,285.0748,270.7541,true
2025-11-03,V,286.28,288.46,285.28,287.12,6464227,285.2668,270.9013,true
2025-11-04,V,286.84,288.99,285.74,287.53,6561758,285.454,271.0509,true
2025-11-05,V,287.47,289.56,286.27,287.98,6659289,285.637,271.2033,true
2025-11-06,V,288.12,289.55,287.22,288.45,6756820,285.816,271.3587,true
2025-11-07,V,288.8,290.18,287.8,288.96,6854351,285.9918,271.5177,true
2025-11-10,V,289.5,290.84,288.38,289.48,6951882,286.1646,271.6804,true
2025-11-11,V,290.2,291.66,288.83,290.03,7049413,286.3352,271.8471,true
2025-11-12,V,290.89,292.47,289.68,290.58,7146944,286.5038,272.0181,true
2025-11-13,V,291.57,292.67,290.15,291.15,7244475,286.6714,272.1935,true
2025-11-14,V,292.2,293.42,290.61,291.71,7342006,286.838,272.3733,true
2025-11-17,V,292.82,294.16,291.08,292.28,7439537,287.0046,272.5577,true
2025-11-18,V,293.38,294.84,291.93,292.83,7537068,287.1714,272.7466,true
2025-11-19,V,293.89,295.47,292.37,293.37,7634599,287.339,272.94,true
2025-11-20,V,294.36,295.46,292.8,293.9,4532130,287.5078,273.1377,true
2025-11-21,V,294.77,295.99,293.2,294.4,4629661,287.6782,273.3397,true
2025-11-24,V,295.12,296.46,293.97,294.87,4727192,287.8506,273.5456,true
2025-11-25,V,295.41,296.87,294.31,295.31,4824723,288.0252,273.7552,true
2025-11-26,V,295.66,297.3,294.56,295.72,4922254,288.2024,273.9682,true
2025-11-27,V,295.84,297.18,294.64,296.08,5019785,288.3822,274.1842,true
2025-11-28,V,295.98,297.62,295.08,296.4,5117316,288.5646,274.4028,true
2025-12-01,V,296.08,298.02,295.08,296.68,5214847,288.75,274.6237,true
2025-12-02,V,296.15,298.37,295.05,296.91,5312378,288.9382,274.8463,true
2025-12-03,V,296.18,298.67,294.98,297.09,5409909,289.129,275.0702,true
2025-12-04,V,296.19,298.33,295.29,297.23,5507440,289.3226,275.2949,true
2025-12-05,V,296.17,298.53,295.17,297.31,5604971,289.5184,275.5199,true
2025-12-08,V,296.13,298.68,295.03,297.34,5702502,289.7162,275.7446,true
2025-12-09,V,296.08,298.79,294.88,297.33,5800033,289.916,275.9687,true
2025-12-10,V,296.02,298.85,295.12,297.27,5897564,290.1172,276.1915,true
2025-12-11,V,295.96,298.27,294.96,297.17,5995095,290.3194,276.4126,true
2025-12-12,V,295.88,298.24,294.78,297.02,6092626,290.522,276.6316,true
2025-12-15,V,295.8,298.18,294.6,296.84,6190157,290.7246,276.8479,true
2025-12-16,V,295.71,298.08,294.81,296.62,6287688,290.9268,277.0612,true
2025-12-17,V,295.62,297.95,294.62,296.37,6385219,291.1278,277.2711,true
2025-12-18,V,295.51,297.2,294.41,296.1,6482750,291.3272,277.4773,true
2025-12-19,V,295.39,297.02,294.19,295.8,6580281,291.5244,277.6794,true
2025-12-22,V,295.26,296.83,294.36,295.49,6677812,291.7188,277.8772,true
2025-12-23,V,295.12,296.63,294.12,295.17,6775343,291.9098,278.0705,true
2025-12-24,V,294.96,296.54,293.75,294.85,6872874,292.0972,278.2593,true
2025-12-25,V,294.77,295.87,293.32,294.52,6970405,292.28,278.4433,true
2025-12-26,V,294.58,295.8,293.31,294.21,7067936,292.4582,278.6226,true
2025-12-29,V,294.37,295.71,292.9,293.9,7165467,292.631,278.7971,true
2025-12-30,V,294.14,295.6,292.52,293.62,7262998,292.7982,278.967,true
2025-12-31,V,293.9,295.48,292.15,293.35,7360529,292.9594,279.1324,true
