date,station,temp_min_c,temp_max_c,temp_mean_c,precipitation_mm,humidity_pct,wind_kmh,condition,is_synthetic
2026-01-01,Nordville,-6.5,-0.5,-3.5,0,73,22,dry,true
2026-01-01,Lac-Central,0.4,6.4,3.4,3.5,69,15.2,showers,true
2026-01-01,Solaria,8,14,11,7,57,8.3,rain,true
2026-01-02,Nordville,-5.8,0.6,-2.6,4.9,76,21.8,showers,true
2026-01-02,Lac-Central,1,7.4,4.2,0.7,72,13.9,dry,true
2026-01-02,Solaria,8.3,14.7,11.5,4.2,60,7.2,showers,true
2026-01-03,Nordville,-5.1,1.7,-1.7,2.1,79,21.1,showers,true
2026-01-03,Lac-Central,1.5,8.3,4.9,5.6,75,12.6,rain,true
2026-01-03,Solaria,8.5,15.3,11.9,1.4,63,6.4,dry,true
2026-01-04,Nordville,-4.5,1.5,-1.5,7,82,20.2,rain,true
2026-01-04,Lac-Central,1.8,7.8,4.8,2.8,78,11.3,showers,true
2026-01-04,Solaria,8.5,14.5,11.5,6.3,66,6,rain,true
2026-01-05,Nordville,-4,2.4,-0.8,4.2,85,18.9,showers,true
2026-01-05,Lac-Central,2,8.4,5.2,0,68,10.2,dry,true
2026-01-05,Solaria,8.2,14.6,11.4,3.5,56,6.1,showers,true
2026-01-06,Nordville,-3.7,3.1,-0.3,1.4,75,17.6,dry,true
2026-01-06,Lac-Central,2,8.8,5.4,4.9,71,9.4,showers,true
2026-01-06,Solaria,7.8,14.6,11.2,0.7,59,6.5,dry,true
2026-01-07,Nordville,-3.5,2.5,-0.5,6.3,78,16.3,rain,true
2026-01-07,Lac-Central,1.7,7.7,4.7,2.1,74,9,showers,true
2026-01-07,Solaria,7.3,13.3,10.3,5.6,62,7.4,rain,true
2026-01-08,Nordville,-3.5,2.9,-0.3,3.5,81,15.2,showers,true
2026-01-08,Lac-Central,1.3,7.7,4.5,7,77,9.1,rain,true
2026-01-08,Solaria,6.6,13,9.8,2.8,65,8.5,showers,true
2026-01-09,Nordville,-3.8,3,-0.4,0.7,84,14.4,dry,true
2026-01-09,Lac-Central,0.8,7.6,4.2,4.2,80,9.5,showers,true
2026-01-09,Solaria,5.9,12.7,9.3,0,55,9.8,dry,true
2026-01-10,Nordville,-4.2,1.8,-1.2,5.6,74,14,rain,true
2026-01-10,Lac-Central,0.1,6.1,3.1,1.4,70,10.4,dry,true
2026-01-10,Solaria,5.2,11.2,8.2,4.9,58,11.1,showers,true
2026-01-11,Nordville,-4.7,1.7,-1.5,2.8,77,14.1,showers,true
2026-01-11,Lac-Central,-0.6,5.8,2.6,6.3,73,11.5,rain,true
2026-01-11,Solaria,4.4,10.8,7.6,2.1,61,12.3,showers,true
2026-01-12,Nordville,-5.4,1.4,-2,0,80,14.5,dry,true
2026-01-12,Lac-Central,-1.3,5.5,2.1,3.5,76,12.8,showers,true
2026-01-12,Solaria,3.8,10.6,7.2,7,64,13.3,rain,true
2026-01-13,Nordville,-6.1,-0.1,-3.1,4.9,83,15.4,showers,true
2026-01-13,Lac-Central,-2.1,3.9,0.9,0.7,79,14.1,dry,true
2026-01-13,Solaria,3.2,9.2,6.2,4.2,67,13.8,showers,true
2026-01-14,Nordville,-6.8,-0.4,-3.6,2.1,73,16.5,showers,true
2026-01-14,Lac-Central,-2.7,3.7,0.5,5.6,69,15.3,rain,true
2026-01-14,Solaria,2.8,9.2,6,1.4,57,14,dry,true
2026-01-15,Nordville,-7.6,-0.8,-4.2,7,76,17.8,rain,true
2026-01-15,Lac-Central,-3.3,3.5,0.1,2.8,72,16.3,showers,true
2026-01-15,Solaria,2.6,9.4,6,6.3,60,13.7,rain,true
2026-01-16,Nordville,-8.2,-2.2,-5.2,4.2,79,19.1,showers,true
2026-01-16,Lac-Central,-3.7,2.3,-0.7,0,75,16.8,dry,true
2026-01-16,Solaria,2.5,8.5,5.5,3.5,63,13,showers,true
2026-01-17,Nordville,-8.8,-2.4,-5.6,1.4,82,20.3,dry,true
2026-01-17,Lac-Central,-3.9,2.5,-0.7,4.9,78,17,showers,true
2026-01-17,Solaria,2.6,9,5.8,0.7,66,12,dry,true
2026-01-18,Nordville,-9.2,-2.4,-5.8,6.3,85,21.3,rain,true
2026-01-18,Lac-Central,-4,2.8,-0.6,2.1,68,16.7,showers,true
2026-01-18,Solaria,2.9,9.7,6.3,5.6,56,10.7,rain,true
2026-01-19,Nordville,-9.4,-3.4,-6.4,3.5,75,21.8,showers,true
2026-01-19,Lac-Central,-3.9,2.1,-0.9,7,71,16,rain,true
2026-01-19,Solaria,3.4,9.4,6.4,2.8,59,9.4,showers,true
2026-01-20,Nordville,-9.5,-3.1,-6.3,0.7,78,22,dry,true
2026-01-20,Lac-Central,-3.6,2.8,-0.4,4.2,74,15,showers,true
2026-01-20,Solaria,4,10.4,7.2,0,62,8.2,dry,true
2026-01-21,Nordville,-9.4,-2.6,-6,5.6,81,21.7,rain,true
2026-01-21,Lac-Central,-3.1,3.7,0.3,1.4,77,13.7,dry,true
2026-01-21,Solaria,4.7,11.5,8.1,4.9,65,7.1,showers,true
2026-01-22,Nordville,-9.1,-3.1,-6.1,2.8,84,21,showers,true
2026-01-22,Lac-Central,-2.5,3.5,0.5,6.3,80,12.4,rain,true
2026-01-22,Solaria,5.4,11.4,8.4,2.1,55,6.4,showers,true
2026-01-23,Nordville,-8.6,-2.2,-5.4,0,74,20,dry,true
2026-01-23,Lac-Central,-1.8,4.6,1.4,3.5,70,11.2,showers,true
2026-01-23,Solaria,6.1,12.5,9.3,7,58,6,rain,true
2026-01-24,Nordville,-8,-1.2,-4.6,4.9,77,18.7,showers,true
2026-01-24,Lac-Central,-1.1,5.7,2.3,0.7,73,10.1,dry,true
2026-01-24,Solaria,6.9,13.7,10.3,4.2,61,6.1,showers,true
2026-01-25,Nordville,-7.3,-1.3,-4.3,2.1,80,17.4,showers,true
2026-01-25,Lac-Central,-0.4,5.6,2.6,5.6,76,9.4,rain,true
2026-01-25,Solaria,7.5,13.5,10.5,1.4,64,6.6,dry,true
2026-01-26,Nordville,-6.6,-0.2,-3.4,7,83,16.2,rain,true
2026-01-26,Lac-Central,0.4,6.8,3.6,2.8,79,9,showers,true
2026-01-26,Solaria,8,14.4,11.2,6.3,67,7.5,rain,true
2026-01-27,Nordville,-5.9,0.9,-2.5,4.2,73,15.1,showers,true
2026-01-27,Lac-Central,1,7.8,4.4,0,69,9.1,dry,true
2026-01-27,Solaria,8.3,15.1,11.7,3.5,57,8.7,showers,true
2026-01-28,Nordville,-5.1,0.9,-2.1,1.4,76,14.4,dry,true
2026-01-28,Lac-Central,1.5,7.5,4.5,4.9,72,9.6,showers,true
2026-01-28,Solaria,8.5,14.5,11.5,0.7,60,10,dry,true
2026-01-29,Nordville,-4.5,1.9,-1.3,6.3,79,14,rain,true
2026-01-29,Lac-Central,1.8,8.2,5,2.1,75,10.5,showers,true
2026-01-29,Solaria,8.5,14.9,11.7,5.6,63,11.3,rain,true
2026-01-30,Nordville,-4,2.8,-0.6,3.5,82,14.1,showers,true
2026-01-30,Lac-Central,2,8.8,5.4,7,78,11.7,rain,true
2026-01-30,Solaria,8.3,15.1,11.7,2.8,66,12.5,showers,true
